"Date","Visitor","Home","Pitcher.V","Pitcher.H","Score.V","Score.H"
2017-08-01,"CIN","PIT","HBAILEY-R","JTAILLON-R","9","1"
2017-08-01,"WAS","MIA","MSCHERZER-R","CO'GRADY-L","6","7"
2017-08-01,"LOS","ATL","KMAEDA-R","LSIMS-R","3","2"
2017-08-01,"STL","MIL","CMARTINEZ-R","JNELSON-R","2","3"
2017-08-01,"ARI","CUB","PCORBIN-L","JLESTER-L","4","16"
2017-08-01,"NYM","COL","SMATZ-L","JHOFFMAN-R","4","5"
2017-08-01,"KAN","BAL","IKENNEDY-R","DBUNDY-R","2","7"
2017-08-01,"DET","NYY","ASANCHEZ-R","CSABATHIA-L","4","3"
2017-08-01,"CLE","BOS","CCARRASCO-R","CSALE-L","10","12"
2017-08-01,"SEA","TEX","ERAMIREZ-R","NMARTINEZ-R","8","7"
2017-08-01,"TOR","CWS","MSTROMAN-R","MPELFREY-R","8","4"
2017-08-01,"TAM","HOU","CARCHER-R","MFIERS-R","6","4"
2017-08-01,"SFO","OAK","JSAMARDZIJA-R","SMANAEA-L","10","4"
2017-08-01,"PHI","LAA","ANOLA-R","RNOLASCO-R","1","7"
2017-08-01,"MIN","SDG","JBERRIOS-R","JCHACIN-R","0","3"
2017-08-02,"CIN","PIT","RSTEPHENSON-R","TWILLIAMS-R","5","2"
2017-08-02,"WAS","MIA","ACOLE-R","VWORLEY-R","0","7"
2017-08-02,"LOS","ATL","BSTEWART-R","JTEHERAN-R","3","5"
2017-08-02,"ARI","CUB","ZGODLEY-R","JARRIETA-R","3","0"
2017-08-02,"STL","MIL","LWEAVER-R","BSUTER-L","5","4"
2017-08-02,"NYM","COL","CFLEXEN-R","TCHATWOOD-R","10","5"
2017-08-02,"DET","NYY","JZIMMERMANN-R","MTANAKA-R","2","0"
2017-08-02,"TOR","CWS","JHAPP-L","DHOLLAND-L","5","1"
2017-08-02,"KAN","BAL","JVARGAS-L","JHELLICKSON-R","0","6"
2017-08-02,"SEA","TEX","AMIRANDA-L","ACASHNER-R","1","5"
2017-08-02,"TAM","HOU","APRUITT-R","DKEUCHEL-L","3","0"
2017-08-02,"MIN","SDG","ESANTANA-R","LPERDOMO-R","5","2"
2017-08-02,"PHI","LAA","JTHOMPSON-R","JRAMIREZ-R","0","7"
2017-08-02,"OAK","SFO","DGOSSETT-R","MMOORE-L","6","1"
2017-08-03,"STL","MIL","MWACHA-R","MGARZA-R","1","2"
2017-08-03,"ARI","CUB","ZGREINKE-R","JQUINTANA-L","10","8"
2017-08-03,"NYM","COL","RMONTERO-R","GMARQUEZ-R","4","5"
2017-08-03,"CIN","PIT","SROMANO-R","CKUHL-R","0","6"
2017-08-03,"LOS","ATL","AWOOD-L","SNEWCOMB-L","7","4"
2017-08-03,"DET","BAL","MBOYD-L","CTILLMAN-R","7","5"
2017-08-03,"CWS","BOS","MGONZALEZ-R","RPORCELLO-R","5","9"
2017-08-03,"NYY","CLE","SGRAY-R","CKLUBER-R","1","5"
2017-08-03,"TAM","HOU","BSNELL-L","CMCHUGH-R","5","3"
2017-08-03,"TEX","MIN","AGRIFFIN-R","AMEJIA-L","4","1"
2017-08-03,"SEA","KAN","YGALLARDO-R","TCAHILL-R","4","6"
2017-08-03,"PHI","LAA","JEICKHOFF-R","PBRIDWELL-R","4","5"
2017-08-03,"OAK","SFO","KGRAVEMAN-R","TBLACH-L","2","11"
2017-08-04,"WAS","CUB","TROARK-R","KHENDRICKS-R","4","2"
2017-08-04,"STL","CIN","MLEAKE-R","WOJCIECHOWSKI-R","2","3"
2017-08-04,"SDG","PIT","TWOOD-L","INOVA-R","6","10"
2017-08-04,"LOS","NYM","YDARVISH-R","JDEGROM-R","6","0"
2017-08-04,"MIA","ATL","ACONLEY-L","RDICKEY-R","3","5"
2017-08-04,"PHI","COL","VVELASQUEZ-R","KFREELAND-L","3","4"
2017-08-04,"ARI","SFO","ABANDA-L","MBUMGARNER-L","2","1"
2017-08-04,"DET","BAL","JVERLANDER-R","KGAUSMAN-R","5","2"
2017-08-04,"CWS","BOS","CRODON-L","ERODRIGUEZ-L","2","3"
2017-08-04,"NYY","CLE","JGARCIA-L","TBAUER-R","2","7"
2017-08-04,"TOR","HOU","CVALDEZ-R","BPEACOCK-R","7","16"
2017-08-04,"TEX","MIN","MPEREZ-L","BCOLON-R","4","8"
2017-08-04,"SEA","KAN","JPAXTON-L","JHAMMEL-R","5","2"
2017-08-04,"OAK","LAA","JCOTTON-R","TSCRIBNER-R","6","8"
2017-08-04,"MIL","TAM","BWOODRUFF-R","JFARIA-R","2","0"
2017-08-05,"WAS","CUB","EJACKSON-R","JLACKEY-R","4","7"
2017-08-05,"LOS","NYM","RHILL-L","SLUGO-R","7","4"
2017-08-05,"SDG","PIT","DLAMET-R","GCOLE-R","5","2"
2017-08-05,"MIA","ATL","DSTRAILY-R","MFOLTYNEWICZ-R","2","7"
2017-08-05,"STL","CIN","LLYNN-R","LCASTILLO-R","4","1"
2017-08-05,"PHI","COL","NPIVETTA-R","JGRAY-R","5","8"
2017-08-05,"ARI","SFO","TWALKER-R","CSTRATTON-R","4","5"
2017-08-05,"DET","BAL","DVERHAGEN-R","WMILEY-L","2","5"
2017-08-05,"CWS","BOS","JSHIELDS-R","DPOMERANZ-L","1","4"
2017-08-05,"TOR","HOU","MESTRADA-R","CMORTON-R","4","3"
2017-08-05,"NYY","CLE","JMONTGOMERY-L","DSALAZAR-R","2","1"
2017-08-05,"TEX","MIN","CHAMELS-L","KGIBSON-R","4","1"
2017-08-05,"OAK","LAA","PBLACKBURN-R","TSKAGGS-L","5","0"
2017-08-05,"MIL","TAM","ZDAVIES-R","ACOBB-R","3","0"
2017-08-06,"STL","CIN","AWAINWRIGHT-R","HBAILEY-R","13","4"
2017-08-06,"LOS","NYM","HRYU-L","SMATZ-L","8","0"
2017-08-06,"SDG","PIT","CRICHARD-L","JTAILLON-R","4","5"
2017-08-06,"MIA","ATL","JURENA-R","LSIMS-R","4","1"
2017-08-06,"WAS","CUB","EFEDDE-R","JLESTER-L","9","4"
2017-08-06,"PHI","COL","ANOLA-R","JHOFFMAN-R","3","2"
2017-08-06,"ARI","SFO","PCORBIN-L","JSAMARDZIJA-R","3","6"
2017-08-06,"NYY","CLE","LSEVERINO-R","CCARRASCO-R","8","1"
2017-08-06,"DET","BAL","ASANCHEZ-R","UJIMENEZ-R","3","12"
2017-08-06,"CWS","BOS","MPELFREY-R","DFISTER-R","3","6"
2017-08-06,"TOR","HOU","MSTROMAN-R","MFIERS-R","6","7"
2017-08-06,"TEX","MIN","NMARTINEZ-R","JBERRIOS-R","5","6"
2017-08-06,"SEA","KAN","MGONZALES-L","DDUFFY-L","8","7"
2017-08-06,"OAK","LAA","SMANAEA-L","RNOLASCO-R","11","10"
2017-08-06,"MIL","TAM","JNELSON-R","CARCHER-R","1","2"
2017-08-06,"SEA","KAN","ERAMIREZ-R","JJUNIS-R","1","9"
2017-08-07,"MIA","WAS","CO'GRADY-L","MSCHERZER-R","2","3"
2017-08-07,"SDG","CIN","JCHACIN-R","TADLEMAN-R","3","11"
2017-08-07,"CUB","SFO","JARRIETA-R","MMOORE-L","5","3"
2017-08-07,"BAL","LAA","DBUNDY-R","JRAMIREZ-R","6","2"
2017-08-07,"DET","PIT","JZIMMERMANN-R","TWILLIAMS-R","0","3"
2017-08-07,"MIL","MIN","BSUTER-L","ESANTANA-R","4","5"
2017-08-07,"STL","KAN","CMARTINEZ-R","IKENNEDY-R","11","3"
2017-08-08,"MIA","WAS","VWORLEY-R","ACOLE-R","7","3"
2017-08-08,"SDG","CIN","LPERDOMO-R","SROMANO-R","7","3"
2017-08-08,"PHI","ATL","ZEFLIN-R","JTEHERAN-R","5","2"
2017-08-08,"LOS","ARI","KMAEDA-R","ZGODLEY-R","3","6"
2017-08-08,"CUB","SFO","JQUINTANA-L","TBLACH-L","3","6"
2017-08-08,"NYY","TOR","CSABATHIA-L","JHAPP-L","2","4"
2017-08-08,"BOS","TAM","CSALE-L","APRUITT-R","2","0"
2017-08-08,"HOU","CWS","DKEUCHEL-L","DHOLLAND-L","5","8"
2017-08-08,"SEA","OAK","AMIRANDA-L","KGRAVEMAN-R","7","6"
2017-08-08,"BAL","LAA","JHELLICKSON-R","PBRIDWELL-R","2","3"
2017-08-08,"DET","PIT","MBOYD-L","CKUHL-R","3","6"
2017-08-08,"TEX","NYM","AGRIFFIN-R","CFLEXEN-R","4","5"
2017-08-08,"COL","CLE","GMARQUEZ-R","CKLUBER-R","1","4"
2017-08-08,"MIL","MIN","MGARZA-R","AMEJIA-L","4","11"
2017-08-08,"STL","KAN","MWACHA-R","JVARGAS-L","10","3"
2017-08-09,"CUB","SFO","KHENDRICKS-R","MBUMGARNER-L","1","3"
2017-08-09,"MIA","WAS","ACONLEY-L","GGONZALEZ-L","1","10"
2017-08-09,"SDG","CIN","TWOOD-L","WOJCIECHOWSKI-R","3","8"
2017-08-09,"PHI","ATL","JEICKHOFF-R","SNEWCOMB-L","3","2"
2017-08-09,"LOS","ARI","AWOOD-L","ZGREINKE-R","3","2"
2017-08-09,"SEA","OAK","YGALLARDO-R","JCOTTON-R","6","3"
2017-08-09,"BAL","LAA","KGAUSMAN-R","TSCRIBNER-R","1","5"
2017-08-09,"NYY","TOR","MTANAKA-R","NTEPESCH-R","11","5"
2017-08-09,"BOS","TAM","RPORCELLO-R","JODORIZZI-R","8","2"
2017-08-09,"HOU","CWS","CMCHUGH-R","MGONZALEZ-R","1","7"
2017-08-09,"TEX","NYM","MPEREZ-L","RMONTERO-R","5","1"
2017-08-09,"COL","CLE","ASENZATELA-R","TBAUER-R","3","2"
2017-08-09,"PIT","DET","INOVA-R","JVERLANDER-R","0","10"
2017-08-09,"MIN","MIL","BCOLON-R","BWOODRUFF-R","4","0"
2017-08-09,"KAN","STL","TCAHILL-R","","5","8"
2017-08-10,"SDG","CIN","DLAMET-R","LCASTILLO-R","3","10"
2017-08-10,"MIA","WAS","DSTRAILY-R","TROARK-R","2","3"
2017-08-10,"NYM","PHI","JDEGROM-R","VVELASQUEZ-R","10","0"
2017-08-10,"LOS","ARI","YDARVISH-R","ABANDA-L","8","6"
2017-08-10,"NYY","TOR","SGRAY-R","MESTRADA-R","0","4"
2017-08-10,"CLE","TAM","DSALAZAR-R","BSNELL-L","1","4"
2017-08-10,"HOU","CWS","BPEACOCK-R","CRODON-L","2","3"
2017-08-10,"BAL","OAK","WMILEY-L","CSMITH-R","7","2"
2017-08-10,"LAA","SEA","TSKAGGS-L","JPAXTON-L","6","3"
2017-08-10,"PIT","DET","GCOLE-R","DVERHAGEN-R","7","5"
2017-08-10,"KAN","STL","JHAMMEL-R","LLYNN-R","6","8"
2017-08-10,"MIN","MIL","DENNS-L","ZDAVIES-R","7","2"
2017-08-11,"NYM","PHI","SLUGO-R","NPIVETTA-R","7","6"
2017-08-11,"COL","MIA","JGRAY-R","JURENA-R","3","6"
2017-08-11,"CIN","MIL","HBAILEY-R","JNELSON-R","11","10"
2017-08-11,"ATL","STL","MFOLTYNEWICZ-R","AWAINWRIGHT-R","5","8"
2017-08-11,"CUB","ARI","JLACKEY-R","TWALKER-R","8","3"
2017-08-11,"SDG","LOS","CRICHARD-L","RHILL-L","4","3"
2017-08-11,"BOS","NYY","ERODRIGUEZ-L","JGARCIA-L","4","5"
2017-08-11,"MIN","DET","KGIBSON-R","ASANCHEZ-R","9","4"
2017-08-11,"CLE","TAM","CCARRASCO-R","JFARIA-R","5","0"
2017-08-11,"HOU","TEX","CMORTON-R","CHAMELS-L","4","6"
2017-08-11,"KAN","CWS","DDUFFY-L","RLOPEZ-R","3","6"
2017-08-11,"BAL","OAK","UJIMENEZ-R","PBLACKBURN-R","4","5"
2017-08-11,"LAA","SEA","RNOLASCO-R","MGONZALES-L","6","5"
2017-08-11,"PIT","TOR","JTAILLON-R","MSTROMAN-R","4","2"
2017-08-12,"SFO","WAS","JSAMARDZIJA-R","EJACKSON-R","1","3"
2017-08-12,"NYM","PHI","SMATZ-L","ANOLA-R","1","3"
2017-08-12,"CIN","MIL","SFELDMAN-R","BSUTER-L","5","6"
2017-08-12,"COL","MIA","JHOFFMAN-R","JNICOLINO-L","3","4"
2017-08-12,"ATL","STL","LSIMS-R","CMARTINEZ-R","5","6"
2017-08-12,"CUB","ARI","JLESTER-L","PCORBIN-L","2","6"
2017-08-12,"SDG","LOS","JCHACIN-R","HRYU-L","3","6"
2017-08-12,"BOS","NYY","DPOMERANZ-L","LSEVERINO-R","10","5"
2017-08-12,"CLE","TAM","MCLEVINGER-R","CARCHER-R","3","0"
2017-08-12,"MIN","DET","JBERRIOS-R","JZIMMERMANN-R","11","12"
2017-08-12,"KAN","CWS","IKENNEDY-R","JSHIELDS-R","5","4"
2017-08-12,"HOU","TEX","MFIERS-R","TROSS-R","3","8"
2017-08-12,"BAL","OAK","DBUNDY-R","SMANAEA-L","12","5"
2017-08-12,"LAA","SEA","JRAMIREZ-R","ERAMIREZ-R","6","3"
2017-08-12,"PIT","TOR","TWILLIAMS-R","CROWLEY-R","2","7"
2017-08-13,"COL","MIA","GMARQUEZ-R","VWORLEY-R","3","5"
2017-08-13,"SFO","WAS","CSTRATTON-R","ACOLE-R","4","2"
2017-08-13,"NYM","PHI","CFLEXEN-R","ZEFLIN-R","6","2"
2017-08-13,"CIN","MIL","SROMANO-R","MGARZA-R","4","7"
2017-08-13,"ATL","STL","RDICKEY-R","MWACHA-R","6","3"
2017-08-13,"CUB","ARI","JARRIETA-R","ZGODLEY-R","7","2"
2017-08-13,"SDG","LOS","LPERDOMO-R","KMAEDA-R","4","6"
2017-08-13,"BOS","NYY","CSALE-L","JMONTGOMERY-L","3","2"
2017-08-13,"MIN","DET","ESANTANA-R","MBOYD-L","6","4"
2017-08-13,"CLE","TAM","CKLUBER-R","APRUITT-R","4","3"
2017-08-13,"KAN","CWS","JVARGAS-L","DHOLLAND-L","14","6"
2017-08-13,"HOU","TEX","DKEUCHEL-L","ACASHNER-R","2","1"
2017-08-13,"BAL","OAK","JHELLICKSON-R","KGRAVEMAN-R","3","9"
2017-08-13,"LAA","SEA","PBRIDWELL-R","AMIRANDA-L","4","2"
2017-08-13,"PIT","TOR","CKUHL-R","JHAPP-L","1","7"
2017-08-13,"SFO","WAS","MMOORE-L","MSCHERZER-R","2","6"
2017-08-14,"SFO","MIA","TBLACH-L","ACONLEY-L","3","8"
2017-08-14,"CIN","CUB","WOJCIECHOWSKI-R","JQUINTANA-L","5","15"
2017-08-14,"ATL","COL","JTEHERAN-R","CBETTIS-R","0","3"
2017-08-14,"PHI","SDG","JEICKHOFF-R","TWOOD-L","4","7"
2017-08-14,"TAM","TOR","JODORIZZI-R","NTEPESCH-R","1","2"
2017-08-14,"DET","TEX","MFULMER-R","MPEREZ-L","2","6"
2017-08-14,"KAN","OAK","JJUNIS-R","JCOTTON-R","6","2"
2017-08-14,"BAL","SEA","KGAUSMAN-R","YGALLARDO-R","11","3"
2017-08-14,"NYM","NYY","RMONTERO-R","LCESSA-R","2","4"
2017-08-14,"HOU","ARI","CMCHUGH-R","ZGREINKE-R","0","2"
2017-08-14,"CLE","BOS","TBAUER-R","DFISTER-R","7","3"
2017-08-15,"SFO","MIA","MBUMGARNER-L","DSTRAILY-R","9","4"
2017-08-15,"PIT","MIL","INOVA-R","ZDAVIES-R","1","3"
2017-08-15,"CIN","CUB","LCASTILLO-R","KHENDRICKS-R","2","1"
2017-08-15,"ATL","COL","SNEWCOMB-L","KFREELAND-L","4","3"
2017-08-15,"PHI","SDG","MLEITER-R","DLAMET-R","4","8"
2017-08-15,"TAM","TOR","BSNELL-L","MESTRADA-R","6","4"
2017-08-15,"DET","TEX","JVERLANDER-R","AGRIFFIN-R","4","10"
2017-08-15,"CLE","MIN","DSALAZAR-R","BCOLON-R","8","1"
2017-08-15,"KAN","OAK","JHAMMEL-R","CSMITH-R","8","10"
2017-08-15,"BAL","SEA","WMILEY-L","AALBERS-L","1","3"
2017-08-15,"HOU","ARI","BPEACOCK-R","ABANDA-L","9","4"
2017-08-15,"NYM","NYY","JDEGROM-R","SGRAY-R","4","5"
2017-08-15,"LAA","WAS","TSKAGGS-L","GGONZALEZ-L","1","3"
2017-08-15,"STL","BOS","","RPORCELLO-R","4","10"
2017-08-15,"CWS","LOS","MGONZALEZ-R","AWOOD-L","1","6"
2017-08-16,"SFO","MIA","MCAIN-R","JURENA-R","1","8"
2017-08-16,"PIT","MIL","GCOLE-R","JNELSON-R","6","7"
2017-08-16,"PHI","SDG","NPIVETTA-R","CRICHARD-L","0","3"
2017-08-16,"CIN","CUB","HBAILEY-R","JLACKEY-R","6","7"
2017-08-16,"ATL","COL","MFOLTYNEWICZ-R","JGRAY-R","2","17"
2017-08-16,"KAN","OAK","DDUFFY-L","PBLACKBURN-R","7","6"
2017-08-16,"BAL","SEA","UJIMENEZ-R","MGONZALES-L","6","7"
2017-08-16,"TAM","TOR","JFARIA-R","MSTROMAN-R","2","3"
2017-08-16,"DET","TEX","ASANCHEZ-R","CHAMELS-L","6","12"
2017-08-16,"LAA","WAS","RNOLASCO-R","TROARK-R","3","2"
2017-08-16,"NYY","NYM","JGARCIA-L","RGSELLMAN-R","5","3"
2017-08-16,"STL","BOS","LLYNN-R","ERODRIGUEZ-L","4","5"
2017-08-16,"ARI","HOU","TWALKER-R","CMORTON-R","5","9"
2017-08-16,"CWS","LOS","CRODON-L","YDARVISH-R","4","5"
2017-08-17,"CIN","CUB","SFELDMAN-R","JLESTER-L","13","10"
2017-08-17,"ATL","COL","LSIMS-R","JHOFFMAN-R","10","4"
2017-08-17,"STL","PIT","AWAINWRIGHT-R","JTAILLON-R","11","7"
2017-08-17,"WAS","SDG","EJACKSON-R","JCHACIN-R","2","1"
2017-08-17,"PHI","SFO","ANOLA-R","JSAMARDZIJA-R","4","5"
2017-08-17,"CLE","MIN","CCARRASCO-R","KGIBSON-R","9","3"
2017-08-17,"TAM","TOR","CARCHER-R","CROWLEY-R","3","5"
2017-08-17,"CWS","TEX","RLOPEZ-R","TROSS-R","8","9"
2017-08-17,"ARI","HOU","PCORBIN-L","MFIERS-R","4","0"
2017-08-17,"NYY","NYM","LSEVERINO-R","SMATZ-L","7","5"
2017-08-17,"CLE","MIN","RMERRITT-L","ASLEGERS-R","2","4"
2017-08-18,"STL","PIT","CMARTINEZ-R","TWILLIAMS-R","11","10"
2017-08-18,"MIA","NYM","JNICOLINO-L","CFLEXEN-R","3","1"
2017-08-18,"CIN","ATL","SROMANO-R","RDICKEY-R","5","3"
2017-08-18,"MIL","COL","MGARZA-R","GMARQUEZ-R","4","8"
2017-08-18,"WAS","SDG","MGRACE-L","LPERDOMO-R","7","1"
2017-08-18,"PHI","SFO","ZEFLIN-R","MMOORE-L","2","10"
2017-08-18,"LAA","BAL","AHEANEY-L","JHELLICKSON-R","7","9"
2017-08-18,"SEA","TAM","ERAMIREZ-R","APRUITT-R","7","1"
2017-08-18,"NYY","BOS","JMONTGOMERY-L","DPOMERANZ-L","6","9"
2017-08-18,"CWS","TEX","JSHIELDS-R","ACASHNER-R","4","3"
2017-08-18,"OAK","HOU","SMANAEA-L","DKEUCHEL-L","1","3"
2017-08-18,"CLE","KAN","CKLUBER-R","IKENNEDY-R","10","1"
2017-08-18,"TOR","CUB","JHAPP-L","JARRIETA-R","4","7"
2017-08-18,"LOS","DET","RHILL-L","JZIMMERMANN-R","8","5"
2017-08-18,"ARI","MIN","ZGODLEY-R","ESANTANA-R","3","10"
2017-08-19,"STL","PIT","MWACHA-R","CKUHL-R","4","6"
2017-08-19,"MIA","NYM","VWORLEY-R","RMONTERO-R","1","8"
2017-08-19,"CIN","ATL","RSTEPHENSON-R","JTEHERAN-R","11","8"
2017-08-19,"MIL","COL","BWOODRUFF-R","CBETTIS-R","6","3"
2017-08-19,"WAS","SDG","SSTRASBURG-R","TWOOD-L","1","3"
2017-08-19,"PHI","SFO","JEICKHOFF-R","TBLACH-L","12","9"
2017-08-19,"SEA","TAM","AMIRANDA-L","JODORIZZI-R","7","6"
2017-08-19,"LAA","BAL","JRAMIREZ-R","KGAUSMAN-R","5","1"
2017-08-19,"OAK","HOU","KGRAVEMAN-R","CMCHUGH-R","0","3"
2017-08-19,"NYY","BOS","CSABATHIA-L","CSALE-L","4","3"
2017-08-19,"CLE","KAN","TBAUER-R","JVARGAS-L","5","0"
2017-08-19,"CWS","TEX","DHOLLAND-L","MPEREZ-L","7","17"
2017-08-19,"TOR","CUB","NTEPESCH-R","JQUINTANA-L","3","4"
2017-08-19,"LOS","DET","HRYU-L","MFULMER-R","3","0"
2017-08-19,"ARI","MIN","ZGREINKE-R","JBERRIOS-R","0","5"
2017-08-20,"MIA","NYM","ACONLEY-L","JDEGROM-R","6","4"
2017-08-20,"CIN","ATL","LCASTILLO-R","SNEWCOMB-L","1","8"
2017-08-20,"MIL","COL","CANDERSON-R","KFREELAND-L","8","4"
2017-08-20,"PHI","SFO","BLIVELY-R","MBUMGARNER-L","5","2"
2017-08-20,"WAS","SDG","GGONZALEZ-L","DLAMET-R","4","1"
2017-08-20,"STL","PIT","","INOVA-R","3","6"
2017-08-20,"SEA","TAM","YGALLARDO-R","BSNELL-L","0","3"
2017-08-20,"NYY","BOS","SGRAY-R","RPORCELLO-R","1","5"
2017-08-20,"LAA","BAL","PBRIDWELL-R","CTILLMAN-R","5","4"
2017-08-20,"OAK","HOU","JCOTTON-R","BPEACOCK-R","3","2"
2017-08-20,"CLE","KAN","DSALAZAR-R","JHAMMEL-R","4","7"
2017-08-20,"CWS","TEX","MGONZALEZ-R","AGRIFFIN-R","3","2"
2017-08-20,"LOS","DET","KMAEDA-R","JVERLANDER-R","1","6"
2017-08-20,"ARI","MIN","TJMCFARLAND-L","BCOLON-R","5","12"
2017-08-20,"TOR","CUB","MESTRADA-R","KHENDRICKS-R","5","6"
2017-08-21,"LOS","PIT","AWOOD-L","GCOLE-R","6","5"
2017-08-21,"ARI","NYM","TWALKER-R","RGSELLMAN-R","3","2"
2017-08-21,"MIL","SFO","ZDAVIES-R","CSTRATTON-R","0","2"
2017-08-21,"MIN","CWS","TMELVILLE-R","CRODON-L","6","7"
2017-08-21,"OAK","BAL","CSMITH-R","WMILEY-L","3","7"
2017-08-21,"BOS","CLE","ERODRIGUEZ-L","MCLEVINGER-R","4","5"
2017-08-21,"MIN","CWS","DGEE-R","CFULMER-R","10","2"
2017-08-21,"TEX","LAA","CHAMELS-L","TSKAGGS-L","5","3"
2017-08-21,"SEA","ATL","AALBERS-L","MFOLTYNEWICZ-R","6","5"
2017-08-22,"MIA","PHI","DSTRAILY-R","ANOLA-R","12","8"
2017-08-22,"LOS","PIT","BSTEWART-R","JTAILLON-R","8","5"
2017-08-22,"MIA","PHI","JURENA-R","NPIVETTA-R","7","4"
2017-08-22,"ARI","NYM","PCORBIN-L","TMILONE-L","7","4"
2017-08-22,"CUB","CIN","JLACKEY-R","HBAILEY-R","13","9"
2017-08-22,"SDG","STL","CRICHARD-L","LLYNN-R","12","4"
2017-08-22,"MIL","SFO","JNELSON-R","JSAMARDZIJA-R","4","3"
2017-08-22,"OAK","BAL","PBLACKBURN-R","UJIMENEZ-R","6","4"
2017-08-22,"BOS","CLE","DFISTER-R","CCARRASCO-R","9","1"
2017-08-22,"NYY","DET","MTANAKA-R","MBOYD-L","13","4"
2017-08-22,"TOR","TAM","CROWLEY-R","CARCHER-R","5","6"
2017-08-22,"MIN","CWS","KGIBSON-R","LGIOLITO-R","4","1"
2017-08-22,"TEX","LAA","TROSS-R","RNOLASCO-R","1","10"
2017-08-22,"SEA","ATL","MGONZALES-L","LSIMS-R","0","4"
2017-08-22,"WAS","HOU","TROARK-R","CMORTON-R","4","3"
2017-08-22,"COL","KAN","JGRAY-R","DDUFFY-L","2","3"
2017-08-23,"MIL","SFO","MGARZA-R","MMOORE-L","2","4"
2017-08-23,"LOS","PIT","RHILL-L","TWILLIAMS-R","0","1"
2017-08-23,"MIA","PHI","JNICOLINO-L","MLEITER-R","0","8"
2017-08-23,"ARI","NYM","ZGODLEY-R","CFLEXEN-R","2","4"
2017-08-23,"CUB","CIN","MMONTGOMERY-L","WOJCIECHOWSKI-R","9","3"
2017-08-23,"SDG","STL","JCHACIN-R","LWEAVER-R","2","6"
2017-08-23,"OAK","BAL","DGOSSETT-R","DBUNDY-R","7","8"
2017-08-23,"TOR","TAM","MSTROMAN-R","APRUITT-R","7","6"
2017-08-23,"NYY","DET","LSEVERINO-R","JZIMMERMANN-R","10","2"
2017-08-23,"BOS","CLE","DPOMERANZ-L","CKLUBER-R","6","1"
2017-08-23,"MIN","CWS","ESANTANA-R","JSHIELDS-R","3","4"
2017-08-23,"TEX","LAA","ACASHNER-R","AHEANEY-L","7","5"
2017-08-23,"SEA","ATL","ERAMIREZ-R","RDICKEY-R","9","6"
2017-08-23,"WAS","HOU","EJACKSON-R","MFIERS-R","1","6"
2017-08-23,"COL","KAN","ASENZATELA-R","IKENNEDY-R","4","6"
2017-08-24,"ARI","NYM","RRAY-L","RMONTERO-R","3","2"
2017-08-24,"MIA","PHI","VWORLEY-R","JTHOMPSON-R","9","8"
2017-08-24,"LOS","PIT","HRYU-L","CKUHL-R","5","2"
2017-08-24,"CUB","CIN","JARRIETA-R","SROMANO-R","2","4"
2017-08-24,"SDG","STL","LPERDOMO-R","CMARTINEZ-R","4","3"
2017-08-24,"NYY","DET","JGARCIA-L","MFULMER-R","6","10"
2017-08-24,"TOR","TAM","TKOEHLER-R","ACOBB-R","0","2"
2017-08-24,"BOS","CLE","CSALE-L","TBAUER-R","6","13"
2017-08-24,"MIN","CWS","JBERRIOS-R","DHOLLAND-L","1","5"
2017-08-24,"TEX","LAA","MPEREZ-L","TSCRIBNER-R","3","0"
2017-08-24,"COL","KAN","GMARQUEZ-R","JJUNIS-R","3","2"
2017-08-24,"WAS","HOU","SSTRASBURG-R","DKEUCHEL-L","5","4"
2017-08-25,"NYM","WAS","JDEGROM-R","ACOLE-R","4","2"
2017-08-25,"CUB","PHI","JQUINTANA-L","JEICKHOFF-R","1","7"
2017-08-25,"PIT","CIN","INOVA-R","RSTEPHENSON-R","5","9"
2017-08-25,"SDG","MIA","TWOOD-L","ACONLEY-L","6","8"
2017-08-25,"COL","ATL","CBETTIS-R","JTEHERAN-R","2","5"
2017-08-25,"SFO","ARI","TBLACH-L","ZGREINKE-R","3","4"
2017-08-25,"MIL","LOS","CANDERSON-R","KMAEDA-R","1","3"
2017-08-25,"SEA","NYY","AMIRANDA-L","CSABATHIA-L","2","1"
2017-08-25,"MIN","TOR","BCOLON-R","JHAPP-L","6","1"
2017-08-25,"BAL","BOS","JHELLICKSON-R","RPORCELLO-R","16","3"
2017-08-25,"KAN","CLE","JVARGAS-L","RMERRITT-L","0","4"
2017-08-25,"DET","CWS","JVERLANDER-R","MGONZALEZ-R","2","3"
2017-08-25,"TEX","OAK","NMARTINEZ-R","KGRAVEMAN-R","1","3"
2017-08-25,"HOU","LAA","CMCHUGH-R","PBRIDWELL-R","2","1"
2017-08-25,"TAM","STL","JODORIZZI-R","MWACHA-R","7","3"
2017-08-26,"NYM","WAS","RGSELLMAN-R","GGONZALEZ-L","4","9"
2017-08-26,"CUB","PHI","KHENDRICKS-R","BLIVELY-R","17","2"
2017-08-26,"PIT","CIN","GCOLE-R","LCASTILLO-R","1","0"
2017-08-26,"COL","ATL","KFREELAND-L","SNEWCOMB-L","7","6"
2017-08-26,"SDG","MIA","DLAMET-R","ODESPAIGNE-R","1","2"
2017-08-26,"SFO","ARI","MBUMGARNER-L","TWALKER-R","1","2"
2017-08-26,"MIL","LOS","ZDAVIES-R","RSTRIPLING-R","3","0"
2017-08-26,"SEA","NYY","YGALLARDO-R","SGRAY-R","3","6"
2017-08-26,"MIN","TOR","DGEE-R","MESTRADA-R","9","10"
2017-08-26,"BAL","BOS","KGAUSMAN-R","ERODRIGUEZ-L","7","0"
2017-08-26,"TEX","OAK","CHAMELS-L","SMANAEA-L","3","8"
2017-08-26,"DET","CWS","BFARMER-R","CRODON-L","6","3"
2017-08-26,"KAN","CLE","JHAMMEL-R","MCLEVINGER-R","0","4"
2017-08-26,"HOU","LAA","BPEACOCK-R","TSKAGGS-L","6","7"
2017-08-26,"TAM","STL","BSNELL-L","","4","6"
2017-08-27,"PIT","CIN","JTAILLON-R","TMAHLE-R","5","2"
2017-08-27,"SDG","MIA","CRICHARD-L","DSTRAILY-R","2","6"
2017-08-27,"COL","ATL","JGRAY-R","MFOLTYNEWICZ-R","3","0"
2017-08-27,"CUB","PHI","JLACKEY-R","NPIVETTA-R","3","6"
2017-08-27,"NYM","WAS","TMILONE-L","EFEDDE-R","6","5"
2017-08-27,"MIL","LOS","JNELSON-R","YDARVISH-R","3","2"
2017-08-27,"SFO","ARI","CSTRATTON-R","PCORBIN-L","0","11"
2017-08-27,"SEA","NYY","AALBERS-L","MTANAKA-R","1","10"
2017-08-27,"MIN","TOR","KGIBSON-R","JBIAGINI-R","7","2"
2017-08-27,"KAN","CLE","ESKOGLUND-L","CCARRASCO-R","0","12"
2017-08-27,"BAL","BOS","WMILEY-L","DFISTER-R","2","1"
2017-08-27,"DET","CWS","MBOYD-L","LGIOLITO-R","1","7"
2017-08-27,"TEX","OAK","AGRIFFIN-R","JCOTTON-R","3","8"
2017-08-27,"HOU","LAA","CMORTON-R","RNOLASCO-R","7","5"
2017-08-27,"TAM","STL","CARCHER-R","LLYNN-R","3","2"
2017-08-27,"NYM","WAS","SLUGO-R","TROARK-R","4","5"
2017-08-28,"ATL","PHI","LSIMS-R","ANOLA-R","1","6"
2017-08-28,"MIA","WAS","JURENA-R","MSCHERZER-R","2","11"
2017-08-28,"PIT","CUB","TWILLIAMS-R","MMONTGOMERY-L","1","6"
2017-08-28,"SFO","SDG","JSAMARDZIJA-R","JCHACIN-R","3","0"
2017-08-28,"CLE","NYY","CKLUBER-R","LSEVERINO-R","6","2"
2017-08-28,"SEA","BAL","MGONZALES-L","CTILLMAN-R","6","7"
2017-08-28,"BOS","TOR","DPOMERANZ-L","MSTROMAN-R","6","5"
2017-08-28,"TAM","KAN","APRUITT-R","IKENNEDY-R","12","0"
2017-08-28,"OAK","LAA","DGOSSETT-R","AHEANEY-L","1","3"
2017-08-28,"DET","COL","JZIMMERMANN-R","ASENZATELA-R","4","3"
2017-08-29,"MIA","WAS","VWORLEY-R","EJACKSON-R","3","8"
2017-08-29,"NYM","CIN","CFLEXEN-R","SROMANO-R","4","14"
2017-08-29,"STL","MIL","LWEAVER-R","MGARZA-R","10","2"
2017-08-29,"PIT","CUB","CKUHL-R","JARRIETA-R","1","4"
2017-08-29,"LOS","ARI","RHILL-L","ZGODLEY-R","6","7"
2017-08-29,"SFO","SDG","MMOORE-L","LPERDOMO-R","3","6"
2017-08-29,"SEA","BAL","ERAMIREZ-R","DBUNDY-R","0","4"
2017-08-29,"BOS","TOR","CSALE-L","BANDERSON-L","3","0"
2017-08-29,"CWS","MIN","JSHIELDS-R","ESANTANA-R","4","6"
2017-08-29,"TAM","KAN","ACOBB-R","JJUNIS-R","2","6"
2017-08-29,"OAK","LAA","CSMITH-R","TSCRIBNER-R","2","8"
2017-08-29,"DET","COL","MFULMER-R","GMARQUEZ-R","3","7"
2017-08-29,"TEX","HOU","MPEREZ-L","MFIERS-R","12","2"
2017-08-30,"ATL","PHI","RDICKEY-R","JEICKHOFF-R","9","1"
2017-08-30,"STL","MIL","CMARTINEZ-R","CANDERSON-R","5","6"
2017-08-30,"MIA","WAS","ACONLEY-L","SSTRASBURG-R","0","4"
2017-08-30,"NYM","CIN","RMONTERO-R","HBAILEY-R","2","0"
2017-08-30,"PIT","CUB","INOVA-R","JQUINTANA-L","3","17"
2017-08-30,"SFO","SDG","TBLACH-L","TWOOD-L","0","5"
2017-08-30,"LOS","ARI","HRYU-L","RRAY-L","4","6"
2017-08-30,"CLE","NYY","TBAUER-R","JGARCIA-L","2","1"
2017-08-30,"SEA","BAL","AMIRANDA-L","UJIMENEZ-R","7","8"
2017-08-30,"BOS","TOR","RPORCELLO-R","JHAPP-L","7","1"
2017-08-30,"CWS","MIN","DHOLLAND-L","JBERRIOS-R","1","11"
2017-08-30,"TEX","HOU","ACASHNER-R","DKEUCHEL-L","8","1"
2017-08-30,"TAM","KAN","JODORIZZI-R","JVARGAS-L","5","3"
2017-08-30,"OAK","LAA","KGRAVEMAN-R","PBRIDWELL-R","8","10"
2017-08-30,"DET","COL","","CBETTIS-R","6","2"
2017-08-30,"CLE","NYY","RMERRITT-L","JMONTGOMERY-L","9","4"
2017-08-30,"ATL","PHI","JTEHERAN-R","MLEITER-R","5","2"
2017-08-31,"NYM","CIN","JDEGROM-R","RSTEPHENSON-R","2","7"
2017-08-31,"LOS","ARI","KMAEDA-R","ZGREINKE-R","1","8"
2017-08-31,"PHI","MIA","BLIVELY-R","ODESPAIGNE-R","3","2"
2017-08-31,"ATL","CUB","SNEWCOMB-L","KHENDRICKS-R","2","6"
2017-08-31,"WAS","MIL","GGONZALEZ-L","ZDAVIES-R","3","6"
2017-08-31,"STL","SFO","MWACHA-R","MCAIN-R","5","2"
2017-08-31,"CWS","MIN","","BCOLON-R","4","5"
2017-08-31,"BOS","NYY","ERODRIGUEZ-L","CSABATHIA-L","2","6"
2017-08-31,"TOR","BAL","MESTRADA-R","JHELLICKSON-R","11","8"
2017-08-31,"TEX","HOU","NMARTINEZ-R","CMCHUGH-R","1","5"
2017-09-01,"ATL","CUB","MFOLTYNEWICZ-R","JLACKEY-R","0","2"
2017-09-01,"CIN","PIT","LCASTILLO-R","GCOLE-R","7","3"
2017-09-01,"PHI","MIA","NPIVETTA-R","DPETERS-L","2","1"
2017-09-01,"WAS","MIL","TROARK-R","JNELSON-R","0","1"
2017-09-01,"ARI","COL","TWALKER-R","KFREELAND-L","9","5"
2017-09-01,"LOS","SDG","CKERSHAW-L","DLAMET-R","1","0"
2017-09-01,"STL","SFO","JFLAHERTY-R","JCUETO-R","11","6"
2017-09-01,"TOR","BAL","JBIAGINI-R","KGAUSMAN-R","0","1"
2017-09-01,"BOS","NYY","DFISTER-R","SGRAY-R","4","1"
2017-09-01,"CLE","DET","MCLEVINGER-R","BFARMER-R","10","0"
2017-09-01,"LAA","TEX","TSKAGGS-L","CHAMELS-L","9","10"
2017-09-01,"KAN","MIN","JHAMMEL-R","DGEE-R","7","6"
2017-09-01,"TAM","CWS","BSNELL-L","RLOPEZ-R","3","1"
2017-09-01,"OAK","SEA","SMANAEA-L","MLEAKE-R","2","3"
2017-09-01,"CLE","DET","CCARRASCO-R","MBOYD-L","3","2"
2017-09-02,"ATL","CUB","LSIMS-R","JLESTER-L","12","14"
2017-09-02,"LOS","SDG","BSTEWART-R","CRICHARD-L","5","6"
2017-09-02,"STL","SFO","LLYNN-R","JSAMARDZIJA-R","1","2"
2017-09-02,"CIN","PIT","TMAHLE-R","JTAILLON-R","0","5"
2017-09-02,"PHI","MIA","ANOLA-R","DSTRAILY-R","9","10"
2017-09-02,"WAS","MIL","MSCHERZER-R","BWOODRUFF-R","3","2"
2017-09-02,"ARI","COL","PCORBIN-L","JGRAY-R","6","2"
2017-09-02,"LOS","SDG","YDARVISH-R","JLYLES-R","2","7"
2017-09-02,"BOS","NYY","DPOMERANZ-L","MTANAKA-R","1","5"
2017-09-02,"CLE","DET","CKLUBER-R","JZIMMERMANN-R","5","2"
2017-09-02,"TOR","BAL","MSTROMAN-R","WMILEY-L","7","2"
2017-09-02,"TAM","CWS","CARCHER-R","CRODON-L","4","5"
2017-09-02,"KAN","MIN","OGARCIA-L","KGIBSON-R","0","17"
2017-09-02,"LAA","TEX","RNOLASCO-R","AGRIFFIN-R","7","4"
2017-09-02,"OAK","SEA","JCOTTON-R","YGALLARDO-R","6","7"
2017-09-02,"NYM","HOU","SLUGO-R","BPEACOCK-R","1","4"
2017-09-02,"NYM","HOU","MHARVEY-R","CMORTON-R","8","12"
2017-09-03,"PHI","MIA","JTHOMPSON-R","JURENA-R","3","1"
2017-09-03,"CIN","PIT","SROMANO-R","TWILLIAMS-R","1","3"
2017-09-03,"WAS","MIL","EJACKSON-R","BSUTER-L","2","7"
2017-09-03,"ARI","COL","ZGODLEY-R","GMARQUEZ-R","5","1"
2017-09-03,"STL","SFO","LWEAVER-R","MBUMGARNER-L","7","3"
2017-09-03,"LOS","SDG","AWOOD-L","JCHACIN-R","4","6"
2017-09-03,"ATL","CUB","MFRIED-L","MMONTGOMERY-L","5","1"
2017-09-03,"BOS","NYY","CSALE-L","LSEVERINO-R","2","9"
2017-09-03,"CLE","DET","JTOMLIN-R","CBELL-L","11","1"
2017-09-03,"TOR","BAL","BANDERSON-L","CTILLMAN-R","4","5"
2017-09-03,"TAM","CWS","MANDRIESE-R","LGIOLITO-R","2","6"
2017-09-03,"KAN","MIN","IKENNEDY-R","ESANTANA-R","5","4"
2017-09-03,"LAA","TEX","AHEANEY-L","MPEREZ-L","6","7"
2017-09-03,"OAK","SEA","DGOSSETT-R","AALBERS-L","2","10"
2017-09-03,"NYM","HOU","CFLEXEN-R","MFIERS-R","6","8"
2017-09-04,"PHI","NYM","MLEITER-R","RMONTERO-R","7","11"
2017-09-04,"MIL","CIN","CANDERSON-R","HBAILEY-R","4","5"
2017-09-04,"SFO","COL","CSTRATTON-R","CBETTIS-R","3","4"
2017-09-04,"CUB","PIT","JARRIETA-R","CKUHL-R","0","12"
2017-09-04,"STL","SDG","CMARTINEZ-R","LPERDOMO-R","2","0"
2017-09-04,"WAS","MIA","ACOLE-R","ACONLEY-L","7","2"
2017-09-04,"ARI","LOS","RRAY-L","RHILL-L","13","0"
2017-09-04,"KAN","DET","JJUNIS-R","ALEWICKI-R","7","6"
2017-09-04,"NYY","BAL","JMONTGOMERY-L","DBUNDY-R","7","4"
2017-09-04,"CLE","CWS","TBAUER-R","JSHIELDS-R","5","3"
2017-09-04,"LAA","OAK","PBRIDWELL-R","CSMITH-R","11","9"
2017-09-04,"HOU","SEA","DKEUCHEL-L","ERAMIREZ-R","6","2"
2017-09-04,"TOR","BOS","JHAPP-L","RPORCELLO-R","10","4"
2017-09-04,"MIN","TAM","JBERRIOS-R","ACOBB-R","4","11"
2017-09-04,"TEX","ATL","ACASHNER-R","RDICKEY-R","8","2"
2017-09-05,"CUB","PIT","KHENDRICKS-R","SBRAULT-L","3","4"
2017-09-05,"MIL","CIN","ZDAVIES-R","RSTEPHENSON-R","3","9"
2017-09-05,"WAS","MIA","SSTRASBURG-R","ODESPAIGNE-R","2","1"
2017-09-05,"PHI","NYM","BLIVELY-R","JDEGROM-R","9","1"
2017-09-05,"SFO","COL","TBLACH-L","TCHATWOOD-R","6","9"
2017-09-05,"ARI","LOS","ZGREINKE-R","HRYU-L","3","1"
2017-09-05,"STL","SDG","MWACHA-R","TWOOD-L","8","4"
2017-09-05,"NYY","BAL","CSABATHIA-L","JHELLICKSON-R","6","7"
2017-09-05,"TOR","BOS","MESTRADA-R","ERODRIGUEZ-L","2","3"
2017-09-05,"MIN","TAM","BCOLON-R","JODORIZZI-R","1","2"
2017-09-05,"KAN","DET","JVARGAS-L","ASANCHEZ-R","2","13"
2017-09-05,"CLE","CWS","DSALAZAR-R","DHOLMBERG-L","9","4"
2017-09-05,"LAA","OAK","GRICHARDS-R","KGRAVEMAN-R","8","7"
2017-09-05,"HOU","SEA","JVERLANDER-R","AMIRANDA-L","3","1"
2017-09-06,"MIL","CIN","MGARZA-R","LCASTILLO-R","1","7"
2017-09-06,"CUB","PIT","JQUINTANA-L","GCOLE-R","1","0"
2017-09-06,"WAS","MIA","GGONZALEZ-L","DPETERS-L","8","1"
2017-09-06,"PHI","NYM","NPIVETTA-R","RGSELLMAN-R","0","6"
2017-09-06,"SFO","COL","JCUETO-R","KFREELAND-L","11","3"
2017-09-06,"ARI","LOS","TWALKER-R","KMAEDA-R","3","1"
2017-09-06,"STL","SDG","JFLAHERTY-R","DLAMET-R","3","1"
2017-09-06,"MIN","TAM","ASLEGERS-R","BSNELL-L","10","6"
2017-09-06,"LAA","OAK","TSKAGGS-L","SMANAEA-L","1","3"
2017-09-06,"TOR","BOS","JBIAGINI-R","DFISTER-R","1","6"
2017-09-06,"KAN","DET","JHAMMEL-R","MBOYD-L","13","2"
2017-09-06,"CLE","CWS","CCARRASCO-R","RLOPEZ-R","5","1"
2017-09-06,"HOU","SEA","LMCCULLERS-R","AMOORE-R","5","3"
2017-09-06,"TEX","ATL","CHAMELS-L","JTEHERAN-R","4","5"
2017-09-06,"TEX","ATL","MGONZALEZ-R","LGOHARA-L","12","8"
2017-09-07,"PHI","WAS","ANOLA-R","TROARK-R","3","4"
2017-09-07,"CUB","PIT","JLESTER-L","JTAILLON-R","8","2"
2017-09-07,"CIN","NYM","TMAHLE-R","MHARVEY-R","2","7"
2017-09-07,"MIA","ATL","DSTRAILY-R","SNEWCOMB-L","5","6"
2017-09-07,"STL","SDG","LLYNN-R","CRICHARD-L","0","3"
2017-09-07,"COL","LOS","JGRAY-R","CKERSHAW-L","9","1"
2017-09-07,"CLE","CWS","CKLUBER-R","MPELFREY-R","11","2"
2017-09-07,"MIN","KAN","KGIBSON-R","SGAVIGLIO-R","4","2"
2017-09-07,"NYY","BAL","SGRAY-R","KGAUSMAN-R","9","1"
2017-09-08,"MIL","CUB","JNELSON-R","JLACKEY-R","2","0"
2017-09-08,"PHI","WAS","JTHOMPSON-R","MSCHERZER-R","10","11"
2017-09-08,"CIN","NYM","AGARRETT-L","SLUGO-R","1","5"
2017-09-08,"MIA","ATL","JURENA-R","MFOLTYNEWICZ-R","7","1"
2017-09-08,"PIT","STL","TWILLIAMS-R","LWEAVER-R","1","4"
2017-09-08,"SDG","ARI","JLYLES-R","PCORBIN-L","10","6"
2017-09-08,"COL","LOS","GMARQUEZ-R","YDARVISH-R","5","4"
2017-09-08,"DET","TOR","BFARMER-R","MSTROMAN-R","5","4"
2017-09-08,"TAM","BOS","CARCHER-R","DPOMERANZ-L","3","9"
2017-09-08,"BAL","CLE","WMILEY-L","MCLEVINGER-R","0","5"
2017-09-08,"NYY","TEX","MTANAKA-R","MPEREZ-L","5","11"
2017-09-08,"MIN","KAN","ESANTANA-R","IKENNEDY-R","8","5"
2017-09-08,"HOU","OAK","CMCHUGH-R","JCOTTON-R","8","9"
2017-09-08,"LAA","SEA","RNOLASCO-R","MLEAKE-R","3","4"
2017-09-08,"SFO","CWS","MMOORE-L","LGIOLITO-R","9","2"
2017-09-09,"PIT","STL","CKUHL-R","CMARTINEZ-R","3","4"
2017-09-09,"MIL","CUB","CANDERSON-R","MMONTGOMERY-L","15","2"
2017-09-09,"PHI","WAS","MLEITER-R","EJACKSON-R","5","4"
2017-09-09,"MIA","ATL","ACONLEY-L","MFRIED-L","5","6"
2017-09-09,"CIN","NYM","HBAILEY-R","RMONTERO-R","1","6"
2017-09-09,"SDG","ARI","JCHACIN-R","ZGODLEY-R","8","7"
2017-09-09,"COL","LOS","CBETTIS-R","AWOOD-L","6","5"
2017-09-09,"BAL","CLE","GYNOA-R","JTOMLIN-R","2","4"
2017-09-09,"DET","TOR","CBELL-L","BANDERSON-L","4","5"
2017-09-09,"HOU","OAK","CMORTON-R","DGOSSETT-R","1","11"
2017-09-09,"HOU","OAK","BPEACOCK-R","DMENGDEN-R","4","11"
2017-09-09,"TAM","BOS","MANDRIESE-R","CSALE-L","0","9"
2017-09-09,"MIN","KAN","JBERRIOS-R","JJUNIS-R","2","5"
2017-09-09,"NYY","TEX","LSEVERINO-R","ACASHNER-R","3","1"
2017-09-09,"LAA","SEA","AHEANEY-L","AALBERS-L","1","8"
2017-09-09,"SFO","CWS","JSAMARDZIJA-R","JSHIELDS-R","1","13"
2017-09-10,"CIN","NYM","SROMANO-R","JDEGROM-R","10","5"
2017-09-10,"PHI","WAS","BLIVELY-R","SSTRASBURG-R","2","3"
2017-09-10,"MIA","ATL","ODESPAIGNE-R","RDICKEY-R","8","10"
2017-09-10,"PIT","STL","INOVA-R","MWACHA-R","0","7"
2017-09-10,"MIL","CUB","ZDAVIES-R","KHENDRICKS-R","3","1"
2017-09-10,"COL","LOS","TCHATWOOD-R","RHILL-L","8","1"
2017-09-10,"SDG","ARI","LPERDOMO-R","RRAY-L","2","3"
2017-09-10,"DET","TOR","ASANCHEZ-R","JHAPP-L","2","8"
2017-09-10,"BAL","CLE","JHELLICKSON-R","TBAUER-R","2","3"
2017-09-10,"TAM","BOS","ACOBB-R","RPORCELLO-R","4","1"
2017-09-10,"MIN","KAN","BCOLON-R","JVARGAS-L","3","11"
2017-09-10,"NYY","TEX","JMONTGOMERY-L","AGRIFFIN-R","16","7"
2017-09-10,"HOU","OAK","DKEUCHEL-L","KGRAVEMAN-R","2","10"
2017-09-10,"LAA","SEA","PBRIDWELL-R","ERAMIREZ-R","5","3"
2017-09-10,"SFO","CWS","MBUMGARNER-L","CFULMER-R","1","8"
2017-09-11,"PIT","MIL","SBRAULT-L","BWOODRUFF-R","7","0"
2017-09-11,"COL","ARI","KFREELAND-L","ZGREINKE-R","5","4"
2017-09-11,"LOS","SFO","KMAEDA-R","CSTRATTON-R","6","8"
2017-09-11,"BAL","TOR","UJIMENEZ-R","MESTRADA-R","3","4"
2017-09-11,"NYY","TAM","CSABATHIA-L","JODORIZZI-R","5","1"
2017-09-11,"DET","CLE","MJAYE-R","CCARRASCO-R","0","11"
2017-09-11,"SEA","TEX","AMIRANDA-L","CHAMELS-L","3","5"
2017-09-11,"CWS","KAN","RLOPEZ-R","JHAMMEL-R","11","3"
2017-09-12,"ATL","WAS","JTEHERAN-R","GGONZALEZ-L","8","0"
2017-09-12,"MIA","PHI","DPETERS-L","NPIVETTA-R","8","9"
2017-09-12,"PIT","MIL","GCOLE-R","BSUTER-L","2","5"
2017-09-12,"NYM","CUB","RGSELLMAN-R","JQUINTANA-L","3","8"
2017-09-12,"CIN","STL","RSTEPHENSON-R","LLYNN-R","4","13"
2017-09-12,"COL","ARI","JGRAY-R","TWALKER-R","4","2"
2017-09-12,"LOS","SFO","CKERSHAW-L","JCUETO-R","5","3"
2017-09-12,"BAL","TOR","DBUNDY-R","JBIAGINI-R","2","3"
2017-09-12,"NYY","TAM","SGRAY-R","BSNELL-L","1","2"
2017-09-12,"OAK","BOS","SMANAEA-L","ERODRIGUEZ-L","1","11"
2017-09-12,"DET","CLE","MBOYD-L","CKLUBER-R","0","2"
2017-09-12,"SEA","TEX","MGONZALES-L","MGONZALEZ-R","10","3"
2017-09-12,"CWS","KAN","DCOVEY-R","SGAVIGLIO-R","3","4"
2017-09-12,"HOU","LAA","JVERLANDER-R","GRICHARDS-R","1","0"
2017-09-12,"SDG","MIN","TWOOD-L","KGIBSON-R","0","16"
2017-09-13,"ATL","WAS","LGOHARA-L","MSCHERZER-R","8","2"
2017-09-13,"MIA","PHI","DSTRAILY-R","ANOLA-R","1","8"
2017-09-13,"NYM","CUB","MHARVEY-R","JLESTER-L","5","17"
2017-09-13,"PIT","MIL","TGLASNOW-R","CANDERSON-R","2","8"
2017-09-13,"CIN","STL","TMAHLE-R","JFLAHERTY-R","6","0"
2017-09-13,"COL","ARI","GMARQUEZ-R","PCORBIN-L","2","8"
2017-09-13,"LOS","SFO","YDARVISH-R","MMOORE-L","4","1"
2017-09-13,"DET","CLE","BFARMER-R","MCLEVINGER-R","3","5"
2017-09-13,"CWS","KAN","LGIOLITO-R","ESKOGLUND-L","5","3"
2017-09-13,"BAL","TOR","KGAUSMAN-R","MSTROMAN-R","2","1"
2017-09-13,"NYY","TAM","JGARCIA-L","CARCHER-R","3","2"
2017-09-13,"OAK","BOS","JCOTTON-R","DFISTER-R","7","3"
2017-09-13,"SEA","TEX","MLEAKE-R","MPEREZ-L","8","1"
2017-09-13,"HOU","LAA","MFIERS-R","TSKAGGS-L","1","9"
2017-09-13,"SDG","MIN","DLAMET-R","ESANTANA-R","1","3"
2017-09-14,"CIN","STL","AGARRETT-L","LWEAVER-R","2","5"
2017-09-14,"COL","ARI","CBETTIS-R","ZGODLEY-R","0","7"
2017-09-14,"ATL","WAS","MFOLTYNEWICZ-R","TROARK-R","2","5"
2017-09-14,"MIA","PHI","VWORLEY-R","JTHOMPSON-R","0","10"
2017-09-14,"NYM","CUB","SLUGO-R","JTSENG-R","6","14"
2017-09-14,"CWS","DET","JSHIELDS-R","CBELL-L","17","7"
2017-09-14,"OAK","BOS","DGOSSETT-R","DPOMERANZ-L","2","6"
2017-09-14,"BAL","NYY","WMILEY-L","MTANAKA-R","5","13"
2017-09-14,"KAN","CLE","JJUNIS-R","JTOMLIN-R","2","3"
2017-09-14,"SEA","TEX","FHERNANDEZ-R","ACASHNER-R","10","4"
2017-09-14,"TOR","MIN","BANDERSON-L","JBERRIOS-R","2","3"
2017-09-14,"HOU","LAA","BPEACOCK-R","RNOLASCO-R","5","2"
2017-09-15,"STL","CUB","CMARTINEZ-R","JLACKEY-R","2","8"
2017-09-15,"LOS","WAS","AWOOD-L","EJACKSON-R","7","0"
2017-09-15,"PIT","CIN","CKUHL-R","HBAILEY-R","2","4"
2017-09-15,"MIL","MIA","JJEFFRESS-R","JURENA-R","10","2"
2017-09-15,"NYM","ATL","RMONTERO-R","SNEWCOMB-L","2","3"
2017-09-15,"SDG","COL","CRICHARD-L","TCHATWOOD-R","1","6"
2017-09-15,"ARI","SFO","RRAY-L","JSAMARDZIJA-R","3","2"
2017-09-15,"BAL","NYY","GYNOA-R","LSEVERINO-R","2","8"
2017-09-15,"BOS","TAM","CSALE-L","MANDRIESE-R","13","6"
2017-09-15,"CWS","DET","CFULMER-R","ASANCHEZ-R","2","3"
2017-09-15,"KAN","CLE","JVARGAS-L","TBAUER-R","4","3"
2017-09-15,"SEA","HOU","JPAXTON-L","CMORTON-R","2","5"
2017-09-15,"TOR","MIN","JHAPP-L","BCOLON-R","4","3"
2017-09-15,"TEX","LAA","NMARTINEZ-R","BNORRIS-R","6","7"
2017-09-15,"OAK","PHI","DMENGDEN-R","MLEITER-R","4","0"
2017-09-16,"LOS","WAS","RHILL-L","ACOLE-R","3","2"
2017-09-16,"STL","CUB","MWACHA-R","KHENDRICKS-R","1","4"
2017-09-16,"PIT","CIN","INOVA-R","SROMANO-R","1","2"
2017-09-16,"MIL","MIA","ZDAVIES-R","ACONLEY-L","4","7"
2017-09-16,"NYM","ATL","JDEGROM-R","RDICKEY-R","7","3"
2017-09-16,"SDG","COL","JLYLES-R","TANDERSON-L","0","16"
2017-09-16,"ARI","SFO","ZGREINKE-R","MBUMGARNER-L","2","0"
2017-09-16,"BAL","NYY","JHELLICKSON-R","JMONTGOMERY-L","3","9"
2017-09-16,"KAN","CLE","JHAMMEL-R","CCARRASCO-R","4","8"
2017-09-16,"BOS","TAM","RPORCELLO-R","ACOBB-R","3","1"
2017-09-16,"CWS","DET","RLOPEZ-R","MJAYE-R","10","4"
2017-09-16,"TOR","MIN","MESTRADA-R","AMEJIA-L","7","2"
2017-09-16,"SEA","HOU","ERAMIREZ-R","DKEUCHEL-L","6","8"
2017-09-16,"TEX","LAA","CHAMELS-L","PBRIDWELL-R","0","2"
2017-09-16,"OAK","PHI","KGRAVEMAN-R","BLIVELY-R","3","5"
2017-09-17,"MIL","MIA","BWOODRUFF-R","DPETERS-L","10","3"
2017-09-17,"PIT","CIN","GCOLE-R","RSTEPHENSON-R","2","5"
2017-09-17,"LOS","WAS","HRYU-L","SSTRASBURG-R","1","7"
2017-09-17,"NYM","ATL","RGSELLMAN-R","JTEHERAN-R","5","1"
2017-09-17,"SDG","COL","JCHACIN-R","JGRAY-R","4","3"
2017-09-17,"ARI","SFO","TWALKER-R","CSTRATTON-R","2","7"
2017-09-17,"STL","CUB","LLYNN-R","JQUINTANA-L","3","4"
2017-09-17,"BAL","NYY","UJIMENEZ-R","SGRAY-R","6","4"
2017-09-17,"BOS","TAM","ERODRIGUEZ-L","JODORIZZI-R","2","3"
2017-09-17,"CWS","DET","DCOVEY-R","MBOYD-L","0","12"
2017-09-17,"KAN","CLE","DDUFFY-L","CKLUBER-R","2","3"
2017-09-17,"SEA","HOU","AMOORE-R","JVERLANDER-R","1","7"
2017-09-17,"TOR","MIN","JBIAGINI-R","KGIBSON-R","7","13"
2017-09-17,"TEX","LAA","MGONZALEZ-R","GRICHARDS-R","4","2"
2017-09-17,"OAK","PHI","SMANAEA-L","HALVAREZ-R","6","3"
2017-09-18,"LOS","PHI","CKERSHAW-L","NPIVETTA-R","3","4"
2017-09-18,"MIL","PIT","BSUTER-L","JTAILLON-R","3","0"
2017-09-18,"NYM","MIA","MHARVEY-R","DSTRAILY-R","1","13"
2017-09-18,"ARI","SDG","PCORBIN-L","LPERDOMO-R","2","4"
2017-09-18,"BOS","BAL","DFISTER-R","DBUNDY-R","10","8"
2017-09-18,"MIN","NYY","ESANTANA-R","JGARCIA-L","1","2"
2017-09-18,"OAK","DET","RALCANTARA-R","BFARMER-R","8","3"
2017-09-19,"LOS","PHI","YDARVISH-R","ANOLA-R","2","6"
2017-09-19,"MIL","PIT","CANDERSON-R","TWILLIAMS-R","1","0"
2017-09-19,"NYM","MIA","SLUGO-R","ODESPAIGNE-R","4","5"
2017-09-19,"STL","CIN","JFLAHERTY-R","JSTEPHENS-R","8","7"
2017-09-19,"WAS","ATL","MSCHERZER-R","LGOHARA-L","4","2"
2017-09-19,"ARI","SDG","ZGODLEY-R","TWOOD-L","2","6"
2017-09-19,"COL","SFO","GMARQUEZ-R","JCUETO-R","3","4"
2017-09-19,"MIN","NYY","JBERRIOS-R","CSABATHIA-L","2","5"
2017-09-19,"BOS","BAL","DPOMERANZ-L","KGAUSMAN-R","1","0"
2017-09-19,"KAN","TOR","IKENNEDY-R","MSTROMAN-R","2","5"
2017-09-19,"OAK","DET","DGOSSETT-R","CBELL-L","9","8"
2017-09-19,"CWS","HOU","LGIOLITO-R","CMCHUGH-R","1","3"
2017-09-19,"CLE","LAA","MCLEVINGER-R","TSKAGGS-L","6","3"
2017-09-19,"TEX","SEA","MPEREZ-L","MLEAKE-R","3","1"
2017-09-19,"CUB","TAM","MMONTGOMERY-L","CARCHER-R","2","1"
2017-09-20,"NYM","MIA","RMONTERO-R","JURENA-R","2","9"
2017-09-20,"COL","SFO","TCHATWOOD-R","MMOORE-L","0","4"
2017-09-20,"LOS","PHI","AWOOD-L","JTHOMPSON-R","5","7"
2017-09-20,"MIL","PIT","AWILKERSON-R","SBRAULT-L","4","6"
2017-09-20,"STL","CIN","LWEAVER-R","RDAVIS-R","9","2"
2017-09-20,"WAS","ATL","GGONZALEZ-L","LSIMS-R","7","3"
2017-09-20,"ARI","SDG","RRAY-L","DLAMET-R","13","7"
2017-09-20,"MIN","NYY","BCOLON-R","LSEVERINO-R","3","11"
2017-09-20,"OAK","DET","DMENGDEN-R","ASANCHEZ-R","3","2"
2017-09-20,"BOS","BAL","CSALE-L","WMILEY-L","9","0"
2017-09-20,"KAN","TOR","JJUNIS-R","BANDERSON-L","15","5"
2017-09-20,"CWS","HOU","JSHIELDS-R","BPEACOCK-R","3","4"
2017-09-20,"CLE","LAA","JTOMLIN-R","RNOLASCO-R","6","5"
2017-09-20,"TEX","SEA","ACASHNER-R","FHERNANDEZ-R","8","6"
2017-09-20,"CUB","TAM","JLESTER-L","BSNELL-L","1","8"
2017-09-21,"LOS","PHI","KMAEDA-R","MLEITER-R","5","4"
2017-09-21,"STL","CIN","CMARTINEZ-R","HBAILEY-R","8","5"
2017-09-21,"WAS","ATL","TROARK-R","RDICKEY-R","2","3"
2017-09-21,"CUB","MIL","JARRIETA-R","ZDAVIES-R","5","3"
2017-09-21,"COL","SDG","TANDERSON-L","CRICHARD-L","0","3"
2017-09-21,"TAM","BAL","MANDRIESE-R","GYNOA-R","1","3"
2017-09-21,"KAN","TOR","JVARGAS-L","JHAPP-L","1","0"
2017-09-21,"MIN","DET","AMEJIA-L","JZIMMERMANN-R","12","1"
2017-09-21,"CWS","HOU","CFULMER-R","DKEUCHEL-L","3","1"
2017-09-21,"CLE","LAA","DSALAZAR-R","PBRIDWELL-R","4","1"
2017-09-21,"TEX","SEA","CHAMELS-L","JPAXTON-L","4","2"
2017-09-22,"STL","PIT","MWACHA-R","INOVA-R","4","3"
2017-09-22,"WAS","NYM","EJACKSON-R","RGSELLMAN-R","6","7"
2017-09-22,"PHI","ATL","BLIVELY-R","SNEWCOMB-L","2","7"
2017-09-22,"CUB","MIL","JLACKEY-R","BWOODRUFF-R","5","4"
2017-09-22,"MIA","ARI","ACONLEY-L","ZGREINKE-R","11","13"
2017-09-22,"COL","SDG","JGRAY-R","JLYLES-R","4","1"
2017-09-22,"SFO","LOS","JSAMARDZIJA-R","RHILL-L","2","4"
2017-09-22,"TAM","BAL","ACOBB-R","UJIMENEZ-R","8","3"
2017-09-22,"NYY","TOR","MTANAKA-R","MESTRADA-R","1","8"
2017-09-22,"MIN","DET","KGIBSON-R","DNORRIS-L","7","3"
2017-09-22,"LAA","HOU","GRICHARDS-R","JVERLANDER-R","0","3"
2017-09-22,"KAN","CWS","JHAMMEL-R","RLOPEZ-R","6","7"
2017-09-22,"TEX","OAK","NMARTINEZ-R","KGRAVEMAN-R","1","4"
2017-09-22,"CLE","SEA","TBAUER-R","ERAMIREZ-R","1","3"
2017-09-22,"BOS","CIN","RPORCELLO-R","SROMANO-R","5","4"
2017-09-23,"STL","PIT","LLYNN-R","GCOLE-R","6","11"
2017-09-23,"PHI","ATL","HALVAREZ-R","JTEHERAN-R","2","4"
2017-09-23,"WAS","NYM","SSTRASBURG-R","NSYNDERGAARD-R","4","3"
2017-09-23,"CUB","MIL","KHENDRICKS-R","BSUTER-L","3","4"
2017-09-23,"MIA","ARI","DPETERS-L","TWALKER-R","12","6"
2017-09-23,"COL","SDG","CBETTIS-R","JCHACIN-R","0","5"
2017-09-23,"SFO","LOS","MBUMGARNER-L","HRYU-L","2","1"
2017-09-23,"NYY","TOR","SGRAY-R","JBIAGINI-R","5","1"
2017-09-23,"CLE","SEA","CCARRASCO-R","AMOORE-R","11","4"
2017-09-23,"TAM","BAL","JODORIZZI-R","JHELLICKSON-R","9","6"
2017-09-23,"MIN","DET","ESANTANA-R","MBOYD-L","10","4"
2017-09-23,"KAN","CWS","DDUFFY-L","DCOVEY-R","8","2"
2017-09-23,"LAA","HOU","BNORRIS-R","CMORTON-R","2","6"
2017-09-23,"TEX","OAK","MGONZALEZ-R","RALCANTARA-R","0","1"
2017-09-23,"BOS","CIN","ERODRIGUEZ-L","RSTEPHENSON-R","5","0"
2017-09-24,"WAS","NYM","MSCHERZER-R","JDEGROM-R","3","2"
2017-09-24,"PHI","ATL","NPIVETTA-R","LGOHARA-L","2","0"
2017-09-24,"STL","PIT","JGANT-R","JTAILLON-R","1","4"
2017-09-24,"CUB","MIL","JQUINTANA-L","CANDERSON-R","5","0"
2017-09-24,"SFO","LOS","CSTRATTON-R","CKERSHAW-L","1","3"
2017-09-24,"MIA","ARI","DSTRAILY-R","PCORBIN-L","2","3"
2017-09-24,"COL","SDG","GMARQUEZ-R","LPERDOMO-R","8","4"
2017-09-24,"NYY","TOR","JGARCIA-L","MSTROMAN-R","5","9"
2017-09-24,"MIN","DET","JBERRIOS-R","BFARMER-R","10","4"
2017-09-24,"TAM","BAL","CARCHER-R","CTILLMAN-R","4","9"
2017-09-24,"LAA","HOU","TSKAGGS-L","LMCCULLERS-R","7","5"
2017-09-24,"KAN","CWS","IKENNEDY-R","LGIOLITO-R","1","8"
2017-09-24,"TEX","OAK","MPEREZ-L","JCOTTON-R","1","8"
2017-09-24,"CLE","SEA","CKLUBER-R","MLEAKE-R","4","2"
2017-09-24,"BOS","CIN","DFISTER-R","JSTEPHENS-R","5","4"
2017-09-25,"ATL","NYM","LSIMS-R","CFLEXEN-R","9","2"
2017-09-25,"WAS","PHI","ACOLE-R","ANOLA-R","3","1"
2017-09-25,"ATL","NYM","MFRIED-L","SLUGO-R","2","3"
2017-09-25,"CUB","STL","JLESTER-L","LWEAVER-R","10","2"
2017-09-25,"MIA","COL","ODESPAIGNE-R","TCHATWOOD-R","5","4"
2017-09-25,"SFO","ARI","JCUETO-R","ZGODLEY-R","9","2"
2017-09-25,"SDG","LOS","TWOOD-L","YDARVISH-R","3","9"
2017-09-25,"KAN","NYY","JJUNIS-R","CSABATHIA-L","3","11"
2017-09-25,"TOR","BOS","BANDERSON-L","DPOMERANZ-L","6","4"
2017-09-25,"HOU","TEX","CMCHUGH-R","ACASHNER-R","11","2"
2017-09-25,"LAA","CWS","RNOLASCO-R","JSHIELDS-R","2","4"
2017-09-25,"SEA","OAK","FHERNANDEZ-R","DGOSSETT-R","7","1"
2017-09-26,"WAS","PHI","GGONZALEZ-L","JTHOMPSON-R","1","4"
2017-09-26,"ATL","NYM","RDICKEY-R","RMONTERO-R","3","4"
2017-09-26,"CIN","MIL","DMCGUIRE-R","ZDAVIES-R","6","7"
2017-09-26,"CUB","STL","JARRIETA-R","CMARTINEZ-R","7","8"
2017-09-26,"MIA","COL","JURENA-R","TANDERSON-L","0","6"
2017-09-26,"SFO","ARI","MMOORE-L","RRAY-L","4","11"
2017-09-26,"SDG","LOS","DLAMET-R","AWOOD-L","2","9"
2017-09-26,"TAM","NYY","BSNELL-L","JMONTGOMERY-L","1","6"
2017-09-26,"MIN","CLE","BCOLON-R","JTOMLIN-R","8","6"
2017-09-26,"TOR","BOS","JHAPP-L","CSALE-L","9","4"
2017-09-26,"HOU","TEX","DKEUCHEL-L","CHAMELS-L","14","3"
2017-09-26,"LAA","CWS","PBRIDWELL-R","CVOLSTAD-R","9","3"
2017-09-26,"DET","KAN","ASANCHEZ-R","JVARGAS-L","1","2"
2017-09-26,"SEA","OAK","JPAXTON-L","DMENGDEN-R","6","3"
2017-09-26,"BAL","PIT","KGAUSMAN-R","TWILLIAMS-R","1","10"
2017-09-27,"MIA","COL","ACONLEY-L","JGRAY-R","9","15"
2017-09-27,"SFO","ARI","JSAMARDZIJA-R","BSHIPLEY-R","3","4"
2017-09-27,"WAS","PHI","TROARK-R","MLEITER-R","5","7"
2017-09-27,"ATL","NYM","SNEWCOMB-L","RGSELLMAN-R","1","7"
2017-09-27,"CIN","MIL","HBAILEY-R","BWOODRUFF-R","6","0"
2017-09-27,"CUB","STL","JLACKEY-R","MWACHA-R","5","1"
2017-09-27,"SDG","LOS","CRICHARD-L","RHILL-L","0","10"
2017-09-27,"HOU","TEX","JVERLANDER-R","NMARTINEZ-R","12","2"
2017-09-27,"SEA","OAK","ERAMIREZ-R","KGRAVEMAN-R","5","6"
2017-09-27,"TAM","NYY","MANDRIESE-R","LSEVERINO-R","1","6"
2017-09-27,"MIN","CLE","AMEJIA-L","DSALAZAR-R","2","4"
2017-09-27,"TOR","BOS","MESTRADA-R","RPORCELLO-R","7","10"
2017-09-27,"LAA","CWS","GRICHARDS-R","RLOPEZ-R","4","6"
2017-09-27,"DET","KAN","JZIMMERMANN-R","JHAMMEL-R","4","7"
2017-09-27,"BAL","PIT","GYNOA-R","CKUHL-R","3","5"
2017-09-28,"CIN","MIL","SROMANO-R","BSUTER-L","3","4"
2017-09-28,"PIT","WAS","INOVA-R","EJACKSON-R","4","5"
2017-09-28,"ATL","MIA","JTEHERAN-R","DPETERS-L","1","7"
2017-09-28,"CUB","STL","KHENDRICKS-R","LLYNN-R","2","1"
2017-09-28,"MIN","CLE","ESANTANA-R","CCARRASCO-R","2","5"
2017-09-28,"TAM","NYY","JFARIA-R","SGRAY-R","9","6"
2017-09-28,"HOU","BOS","BPEACOCK-R","ERODRIGUEZ-L","12","2"
2017-09-28,"OAK","TEX","SMANAEA-L","MGONZALEZ-R","4","1"
2017-09-28,"LAA","CWS","BNORRIS-R","DCOVEY-R","4","5"
2017-09-28,"DET","KAN","DNORRIS-L","DDUFFY-L","4","1"
2017-09-29,"CIN","CUB","RSTEPHENSON-R","JQUINTANA-L","4","5"
2017-09-29,"PIT","WAS","GCOLE-R","SSTRASBURG-R","1","6"
2017-09-29,"NYM","PHI","MHARVEY-R","BLIVELY-R","2","6"
2017-09-29,"ATL","MIA","LGOHARA-L","DSTRAILY-R","5","6"
2017-09-29,"LOS","COL","HRYU-L","CBETTIS-R","1","9"
2017-09-29,"MIL","STL","CANDERSON-R","JGANT-R","5","3"
2017-09-29,"SDG","SFO","JLYLES-R","CSTRATTON-R","0","8"
2017-09-29,"TOR","NYY","JBIAGINI-R","MTANAKA-R","0","4"
2017-09-29,"BAL","TAM","WMILEY-L","JODORIZZI-R","0","7"
2017-09-29,"CWS","CLE","MPELFREY-R","TBAUER-R","1","10"
2017-09-29,"HOU","BOS","CMORTON-R","DFISTER-R","3","2"
2017-09-29,"OAK","TEX","RALCANTARA-R","MPEREZ-L","3","5"
2017-09-29,"DET","MIN","MBOYD-L","KGIBSON-R","3","6"
2017-09-29,"SEA","LAA","MGONZALES-L","TSKAGGS-L","5","6"
2017-09-29,"ARI","KAN","ZGREINKE-R","IKENNEDY-R","1","2"
2017-09-30,"CIN","CUB","JSTEPHENS-R","JLESTER-L","0","9"
2017-09-30,"SDG","SFO","JCHACIN-R","MCAIN-R","3","2"
2017-09-30,"MIL","STL","JGUERRA-R","LWEAVER-R","6","7"
2017-09-30,"PIT","WAS","JTAILLON-R","MSCHERZER-R","4","1"
2017-09-30,"NYM","PHI","SLUGO-R","HALVAREZ-R","7","4"
2017-09-30,"ATL","MIA","LSIMS-R","ODESPAIGNE-R","2","10"
2017-09-30,"LOS","COL","CKERSHAW-L","GMARQUEZ-R","5","3"
2017-09-30,"TOR","NYY","MSTROMAN-R","CSABATHIA-L","1","2"
2017-09-30,"BAL","TAM","MCASTRO-R","CARCHER-R","3","4"
2017-09-30,"HOU","BOS","LMCCULLERS-R","DPOMERANZ-L","3","6"
2017-09-30,"CWS","CLE","CFULMER-R","CKLUBER-R","2","1"
2017-09-30,"DET","MIN","BFARMER-R","ASLEGERS-R","3","2"
2017-09-30,"OAK","TEX","DGOSSETT-R","ACASHNER-R","4","8"
2017-09-30,"SEA","LAA","AALBERS-L","RNOLASCO-R","6","4"
2017-09-30,"ARI","KAN","TWALKER-R","JJUNIS-R","3","4"
2017-10-01,"PIT","WAS","SBRAULT-L","GGONZALEZ-L","11","8"
2017-10-01,"NYM","PHI","NSYNDERGAARD-R","NPIVETTA-R","0","11"
2017-10-01,"SDG","SFO","LPERDOMO-R","JCUETO-R","4","5"
2017-10-01,"ATL","MIA","MFRIED-L","JURENA-R","8","5"
2017-10-01,"LOS","COL","RSTRIPLING-R","KFREELAND-L","6","3"
2017-10-01,"MIL","STL","AWILKERSON-R","JFLAHERTY-R","6","1"
2017-10-01,"CIN","CUB","DMCGUIRE-R","MMONTGOMERY-L","3","1"
2017-10-01,"HOU","BOS","CMCHUGH-R","HVELAZQUEZ-R","4","3"
2017-10-01,"OAK","TEX","DMENGDEN-R","CHAMELS-L","5","2"
2017-10-01,"TOR","NYY","BANDERSON-L","JMONTGOMERY-L","2","1"
2017-10-01,"SEA","LAA","JPAXTON-L","PBRIDWELL-R","2","6"
2017-10-01,"DET","MIN","ASANCHEZ-R","BCOLON-R","1","5"
2017-10-01,"BAL","TAM","KGAUSMAN-R","BSNELL-L","0","6"
2017-10-01,"CWS","CLE","CVOLSTAD-R","JTOMLIN-R","1","3"
2017-10-01,"ARI","KAN","RRAY-L","JVARGAS-L","14","2"
